source_skill,target_skill
Python,JavaScript
JavaScript,TypeScript
TypeScript,Java
Java,Go
Go,Rust
C#,C++
C++,SQL
SQL,NoSQL
NoSQL,React
React,Vue
Angular,Node.js
Node.js,Express
Express,FastAPI
FastAPI,Django
Django,Flask
MongoDB,PostgreSQL
PostgreSQL,MySQL
MySQL,Redis
Redis,Kafka
Kafka,RabbitMQ
Docker,Kubernetes
Kubernetes,Terraform
Terraform,AWS
AWS,Azure
Azure,GCP
CI/CD,Git
Git,Linux
Linux,System Design
System Design,Microservices
Microservices,GraphQL
REST API,NLP
NLP,Computer Vision
Computer Vision,MLOps
MLOps,Data Modeling
Data Modeling,ETL
Feature Engineering,Pandas
Pandas,NumPy
NumPy,scikit-learn
scikit-learn,PyTorch
PyTorch,TensorFlow
Prompt Engineering,Frontend Fundamentals
Frontend Fundamentals,Frontend Fundamentals Advanced
Frontend Fundamentals Advanced,Frontend Fundamentals Lab
Frontend Fundamentals Lab,Frontend Design
Frontend Design,Frontend Design Advanced
Frontend Design Lab,Frontend Implementation
Frontend Implementation,Frontend Implementation Advanced
Frontend Implementation Advanced,Frontend Implementation Lab
Frontend Implementation Lab,Frontend Optimization
Frontend Optimization,Frontend Optimization Advanced
Frontend Optimization Lab,Frontend Monitoring
Frontend Monitoring,Frontend Monitoring Advanced
Frontend Monitoring Advanced,Frontend Monitoring Lab
Frontend Monitoring Lab,Frontend Automation
Frontend Automation,Frontend Automation Advanced
Frontend Automation Lab,Frontend Scaling
Frontend Scaling,Frontend Scaling Advanced
Frontend Scaling Advanced,Frontend Scaling Lab
Frontend Scaling Lab,Frontend Governance
Frontend Governance,Frontend Governance Advanced
Frontend Governance Lab,Frontend Operations
Frontend Operations,Frontend Operations Advanced
Frontend Operations Advanced,Frontend Operations Lab
Frontend Operations Lab,Frontend Debugging
Frontend Debugging,Frontend Debugging Advanced
Frontend Debugging Lab,Frontend Integration
Frontend Integration,Frontend Integration Advanced
Frontend Integration Advanced,Frontend Integration Lab
Frontend Integration Lab,Frontend Best Practices
Frontend Best Practices,Frontend Best Practices Advanced
Frontend Best Practices Lab,Backend Fundamentals
Backend Fundamentals,Backend Fundamentals Advanced
Backend Fundamentals Advanced,Backend Fundamentals Lab
Backend Fundamentals Lab,Backend Design
Backend Design,Backend Design Advanced
Backend Design Lab,Backend Implementation
Backend Implementation,Backend Implementation Advanced
Backend Implementation Advanced,Backend Implementation Lab
Backend Implementation Lab,Backend Optimization
Backend Optimization,Backend Optimization Advanced
Backend Optimization Lab,Backend Monitoring
Backend Monitoring,Backend Monitoring Advanced
Backend Monitoring Advanced,Backend Monitoring Lab
Backend Monitoring Lab,Backend Automation
Backend Automation,Backend Automation Advanced
Backend Automation Lab,Backend Scaling
Backend Scaling,Backend Scaling Advanced
Backend Scaling Advanced,Backend Scaling Lab
Backend Scaling Lab,Backend Governance
Backend Governance,Backend Governance Advanced
Backend Governance Lab,Backend Operations
Backend Operations,Backend Operations Advanced
Backend Operations Advanced,Backend Operations Lab
Backend Operations Lab,Backend Debugging
Backend Debugging,Backend Debugging Advanced
Backend Debugging Lab,Backend Integration
Backend Integration,Backend Integration Advanced
Backend Integration Advanced,Backend Integration Lab
Backend Integration Lab,Backend Best Practices
Backend Best Practices,Backend Best Practices Advanced
Backend Best Practices Lab,Data Fundamentals
Data Fundamentals,Data Fundamentals Advanced
Data Fundamentals Advanced,Data Fundamentals Lab
Data Fundamentals Lab,Data Design
Data Design,Data Design Advanced
Data Design Lab,Data Implementation
Data Implementation,Data Implementation Advanced
Data Implementation Advanced,Data Implementation Lab
Data Implementation Lab,Data Optimization
Data Optimization,Data Optimization Advanced
Data Optimization Lab,Data Monitoring
Data Monitoring,Data Monitoring Advanced
Data Monitoring Advanced,Data Monitoring Lab
Data Monitoring Lab,Data Automation
Data Automation,Data Automation Advanced
Data Automation Lab,Data Scaling
Data Scaling,Data Scaling Advanced
Data Scaling Advanced,Data Scaling Lab
Data Scaling Lab,Data Governance
Data Governance,Data Governance Advanced
Data Governance Lab,Data Operations
Data Operations,Data Operations Advanced
Data Operations Advanced,Data Operations Lab
Data Operations Lab,Data Debugging
Data Debugging,Data Debugging Advanced
Data Debugging Lab,Data Integration
Data Integration,Data Integration Advanced
Data Integration Advanced,Data Integration Lab
Data Integration Lab,Data Best Practices
Data Best Practices,Data Best Practices Advanced
Data Best Practices Lab,Cloud Fundamentals
Cloud Fundamentals,Cloud Fundamentals Advanced
Cloud Fundamentals Advanced,Cloud Fundamentals Lab
Cloud Fundamentals Lab,Cloud Design
Cloud Design,Cloud Design Advanced
Cloud Design Lab,Cloud Implementation
Cloud Implementation,Cloud Implementation Advanced
Cloud Implementation Advanced,Cloud Implementation Lab
Cloud Implementation Lab,Cloud Optimization
Cloud Optimization,Cloud Optimization Advanced
Cloud Optimization Lab,Cloud Monitoring
Cloud Monitoring,Cloud Monitoring Advanced
Cloud Monitoring Advanced,Cloud Monitoring Lab
Cloud Monitoring Lab,Cloud Automation
Cloud Automation,Cloud Automation Advanced
Cloud Automation Lab,Cloud Scaling
Cloud Scaling,Cloud Scaling Advanced
Cloud Scaling Advanced,Cloud Scaling Lab
Cloud Scaling Lab,Cloud Governance
Cloud Governance,Cloud Governance Advanced
Cloud Governance Lab,Cloud Operations
Cloud Operations,Cloud Operations Advanced
Cloud Operations Advanced,Cloud Operations Lab
Cloud Operations Lab,Cloud Debugging
Cloud Debugging,Cloud Debugging Advanced
Cloud Debugging Lab,Cloud Integration
Cloud Integration,Cloud Integration Advanced
Cloud Integration Advanced,Cloud Integration Lab
Cloud Integration Lab,Cloud Best Practices
Cloud Best Practices,Cloud Best Practices Advanced
Cloud Best Practices Lab,Security Fundamentals
Security Fundamentals,Security Fundamentals Advanced
Security Fundamentals Advanced,Security Fundamentals Lab
Security Fundamentals Lab,Security Design
Security Design,Security Design Advanced
Security Design Lab,Security Implementation
Security Implementation,Security Implementation Advanced
Security Implementation Advanced,Security Implementation Lab
Security Implementation Lab,Security Optimization
Security Optimization,Security Optimization Advanced
Security Optimization Lab,Security Monitoring
Security Monitoring,Security Monitoring Advanced
Security Monitoring Advanced,Security Monitoring Lab
Security Monitoring Lab,Security Automation
Security Automation,Security Automation Advanced
Security Automation Lab,Security Scaling
Security Scaling,Security Scaling Advanced
Security Scaling Advanced,Security Scaling Lab
Security Scaling Lab,Security Governance
Security Governance,Security Governance Advanced
Security Governance Lab,Security Operations
Security Operations,Security Operations Advanced
Security Operations Advanced,Security Operations Lab
Security Operations Lab,Security Debugging
Security Debugging,Security Debugging Advanced
Security Debugging Lab,Security Integration
Security Integration,Security Integration Advanced
Security Integration Advanced,Security Integration Lab
Security Integration Lab,Security Best Practices
Security Best Practices,Security Best Practices Advanced
Security Best Practices Lab,DevOps Fundamentals
DevOps Fundamentals,DevOps Fundamentals Advanced
DevOps Fundamentals Advanced,DevOps Fundamentals Lab
DevOps Fundamentals Lab,DevOps Design
DevOps Design,DevOps Design Advanced
DevOps Design Lab,DevOps Implementation
DevOps Implementation,DevOps Implementation Advanced
DevOps Implementation Advanced,DevOps Implementation Lab
DevOps Implementation Lab,DevOps Optimization
DevOps Optimization,DevOps Optimization Advanced
DevOps Optimization Lab,DevOps Monitoring
DevOps Monitoring,DevOps Monitoring Advanced
DevOps Monitoring Advanced,DevOps Monitoring Lab
DevOps Monitoring Lab,DevOps Automation
DevOps Automation,DevOps Automation Advanced
DevOps Automation Lab,DevOps Scaling
DevOps Scaling,DevOps Scaling Advanced
DevOps Scaling Advanced,DevOps Scaling Lab
DevOps Scaling Lab,DevOps Governance
DevOps Governance,DevOps Governance Advanced
DevOps Governance Lab,DevOps Operations
DevOps Operations,DevOps Operations Advanced
DevOps Operations Advanced,DevOps Operations Lab
DevOps Operations Lab,DevOps Debugging
DevOps Debugging,DevOps Debugging Advanced
DevOps Debugging Lab,DevOps Integration
DevOps Integration,DevOps Integration Advanced
DevOps Integration Advanced,DevOps Integration Lab
DevOps Integration Lab,DevOps Best Practices
DevOps Best Practices,DevOps Best Practices Advanced
DevOps Best Practices Lab,AI Fundamentals
AI Fundamentals,AI Fundamentals Advanced
AI Fundamentals Advanced,AI Fundamentals Lab
AI Fundamentals Lab,AI Design
AI Design,AI Design Advanced
AI Design Lab,AI Implementation
AI Implementation,AI Implementation Advanced
AI Implementation Advanced,AI Implementation Lab
AI Implementation Lab,AI Optimization
AI Optimization,AI Optimization Advanced
AI Optimization Lab,AI Monitoring
AI Monitoring,AI Monitoring Advanced
AI Monitoring Advanced,AI Monitoring Lab
AI Monitoring Lab,AI Automation
AI Automation,AI Automation Advanced
AI Automation Lab,AI Scaling
AI Scaling,AI Scaling Advanced
AI Scaling Advanced,AI Scaling Lab
AI Scaling Lab,AI Governance
AI Governance,AI Governance Advanced
AI Governance Lab,AI Operations
AI Operations,AI Operations Advanced
AI Operations Advanced,AI Operations Lab
AI Operations Lab,AI Debugging
AI Debugging,AI Debugging Advanced
AI Debugging Lab,AI Integration
AI Integration,AI Integration Advanced
AI Integration Advanced,AI Integration Lab
AI Integration Lab,AI Best Practices
AI Best Practices,AI Best Practices Advanced
AI Best Practices Lab,Product Fundamentals
Product Fundamentals,Product Fundamentals Advanced
Product Fundamentals Advanced,Product Fundamentals Lab
Product Fundamentals Lab,Product Design
Product Design,Product Design Advanced
Product Design Lab,Product Implementation
Product Implementation,Product Implementation Advanced
Product Implementation Advanced,Product Implementation Lab
Product Implementation Lab,Product Optimization
Product Optimization,Product Optimization Advanced
Product Optimization Lab,Product Monitoring
Product Monitoring,Product Monitoring Advanced
Product Monitoring Advanced,Product Monitoring Lab
Product Monitoring Lab,Product Automation
Product Automation,Product Automation Advanced
Product Automation Lab,Product Scaling
Product Scaling,Product Scaling Advanced
Product Scaling Advanced,Product Scaling Lab
Product Scaling Lab,Product Governance
Product Governance,Product Governance Advanced
Product Governance Lab,Product Operations
Product Operations,Product Operations Advanced
Product Operations Advanced,Product Operations Lab
Product Operations Lab,Product Debugging
Product Debugging,Product Debugging Advanced
Product Debugging Lab,Product Integration
Product Integration,Product Integration Advanced
Product Integration Advanced,Product Integration Lab
Product Integration Lab,Product Best Practices
Product Best Practices,Product Best Practices Advanced
Product Best Practices Lab,Mobile Fundamentals
Mobile Fundamentals,Mobile Fundamentals Advanced
Mobile Fundamentals Advanced,Mobile Fundamentals Lab
Mobile Fundamentals Lab,Mobile Design
Mobile Design,Mobile Design Advanced
Mobile Design Lab,Mobile Implementation
Mobile Implementation,Mobile Implementation Advanced
Mobile Implementation Advanced,Mobile Implementation Lab
Mobile Implementation Lab,Mobile Optimization
Mobile Optimization,Mobile Optimization Advanced
Mobile Optimization Lab,Mobile Monitoring
Mobile Monitoring,Mobile Monitoring Advanced
Mobile Monitoring Advanced,Mobile Monitoring Lab
Mobile Monitoring Lab,Mobile Automation
Mobile Automation,Mobile Automation Advanced
Mobile Automation Lab,Mobile Scaling
Mobile Scaling,Mobile Scaling Advanced
Mobile Scaling Advanced,Mobile Scaling Lab
Mobile Scaling Lab,Mobile Governance
Mobile Governance,Mobile Governance Advanced
Mobile Governance Lab,Mobile Operations
Mobile Operations,Mobile Operations Advanced
Mobile Operations Advanced,Mobile Operations Lab
Mobile Operations Lab,Mobile Debugging
Mobile Debugging,Mobile Debugging Advanced
Mobile Debugging Lab,Mobile Integration
Mobile Integration,Mobile Integration Advanced
Mobile Integration Advanced,Mobile Integration Lab
Mobile Integration Lab,Mobile Best Practices
Mobile Best Practices,Mobile Best Practices Advanced
Mobile Best Practices Lab,Testing Fundamentals
Testing Fundamentals,Testing Fundamentals Advanced
Testing Fundamentals Advanced,Testing Fundamentals Lab
Testing Fundamentals Lab,Testing Design
Testing Design,Testing Design Advanced
Testing Design Lab,Testing Implementation
Testing Implementation,Testing Implementation Advanced
Testing Implementation Advanced,Testing Implementation Lab
Testing Implementation Lab,Testing Optimization
Testing Optimization,Testing Optimization Advanced
Testing Optimization Lab,Testing Monitoring
Testing Monitoring,Testing Monitoring Advanced
Testing Monitoring Advanced,Testing Monitoring Lab
Testing Monitoring Lab,Testing Automation
Testing Automation,Testing Automation Advanced
Testing Automation Lab,Testing Scaling
Testing Scaling,Testing Scaling Advanced
Testing Scaling Advanced,Testing Scaling Lab
Testing Scaling Lab,Testing Governance
Testing Governance,Testing Governance Advanced
Testing Governance Lab,Testing Operations
Testing Operations,Testing Operations Advanced
Testing Operations Advanced,Testing Operations Lab
Testing Operations Lab,Testing Debugging
Testing Debugging,Testing Debugging Advanced
Testing Debugging Lab,Testing Integration
Testing Integration,Testing Integration Advanced
Testing Integration Advanced,Testing Integration Lab
Testing Integration Lab,Testing Best Practices
Testing Best Practices,Testing Best Practices Advanced
Testing Best Practices Lab,Analytics Fundamentals
Analytics Fundamentals,Analytics Fundamentals Advanced
Analytics Fundamentals Advanced,Analytics Fundamentals Lab
Analytics Fundamentals Lab,Analytics Design
Analytics Design,Analytics Design Advanced
Analytics Design Lab,Analytics Implementation
Analytics Implementation,Analytics Implementation Advanced
Analytics Implementation Advanced,Analytics Implementation Lab
Analytics Implementation Lab,Analytics Optimization
Analytics Optimization,Analytics Optimization Advanced
Analytics Optimization Lab,Analytics Monitoring
Analytics Monitoring,Analytics Monitoring Advanced
Analytics Monitoring Advanced,Analytics Monitoring Lab
Analytics Monitoring Lab,Analytics Automation
Analytics Automation,Analytics Automation Advanced
Analytics Automation Lab,Analytics Scaling
Analytics Scaling,Analytics Scaling Advanced
Analytics Scaling Advanced,Analytics Scaling Lab
Analytics Scaling Lab,Analytics Governance
Analytics Governance,Analytics Governance Advanced
Analytics Governance Lab,Analytics Operations
Analytics Operations,Analytics Operations Advanced
Analytics Operations Advanced,Analytics Operations Lab
Analytics Operations Lab,Analytics Debugging
Analytics Debugging,Analytics Debugging Advanced
Analytics Debugging Lab,Analytics Integration
Analytics Integration,Analytics Integration Advanced
Analytics Integration Advanced,Analytics Integration Lab
Analytics Integration Lab,Analytics Best Practices
Analytics Best Practices,Analytics Best Practices Advanced
Analytics Best Practices Lab,Architecture Fundamentals
Architecture Fundamentals,Architecture Fundamentals Advanced
Architecture Fundamentals Advanced,Architecture Fundamentals Lab
Architecture Fundamentals Lab,Architecture Design
Architecture Design,Architecture Design Advanced
Architecture Design Lab,Architecture Implementation
Architecture Implementation,Architecture Implementation Advanced
Architecture Implementation Advanced,Architecture Implementation Lab
Architecture Implementation Lab,Architecture Optimization
Architecture Optimization,Architecture Optimization Advanced
Architecture Optimization Lab,Architecture Monitoring
Architecture Monitoring,Architecture Monitoring Advanced
Architecture Monitoring Advanced,Architecture Monitoring Lab
Architecture Monitoring Lab,Architecture Automation
Architecture Automation,Architecture Automation Advanced
Architecture Automation Lab,Architecture Scaling
Architecture Scaling,Architecture Scaling Advanced
Architecture Scaling Advanced,Architecture Scaling Lab
Architecture Scaling Lab,Architecture Governance
Architecture Governance,Architecture Governance Advanced
Architecture Governance Lab,Architecture Operations
Architecture Operations,Architecture Operations Advanced
Architecture Operations Advanced,Architecture Operations Lab
Architecture Operations Lab,Architecture Debugging
Architecture Debugging,Architecture Debugging Advanced
Architecture Debugging Lab,Architecture Integration
Architecture Integration,Architecture Integration Advanced
Architecture Integration Advanced,Architecture Integration Lab
Architecture Integration Lab,Architecture Best Practices
Architecture Best Practices,Architecture Best Practices Advanced
Architecture Best Practices Lab,Networking Fundamentals
Networking Fundamentals,Networking Fundamentals Advanced
Networking Fundamentals Advanced,Networking Fundamentals Lab
Networking Fundamentals Lab,Networking Design
Networking Design,Networking Design Advanced
Networking Design Lab,Networking Implementation
Networking Implementation,Networking Implementation Advanced
Networking Implementation Advanced,Networking Implementation Lab
Networking Implementation Lab,Networking Optimization
Networking Optimization,Networking Optimization Advanced
Networking Optimization Lab,Networking Monitoring
Networking Monitoring,Networking Monitoring Advanced
Networking Monitoring Advanced,Networking Monitoring Lab
Networking Monitoring Lab,Networking Automation
Networking Automation,Networking Automation Advanced
Networking Automation Lab,Networking Scaling
Networking Scaling,Networking Scaling Advanced
Networking Scaling Advanced,Networking Scaling Lab
Networking Scaling Lab,Networking Governance
Networking Governance,Networking Governance Advanced
Networking Governance Lab,Networking Operations
Networking Operations,Networking Operations Advanced
Networking Operations Advanced,Networking Operations Lab
Networking Operations Lab,Networking Debugging
Networking Debugging,Networking Debugging Advanced
Networking Debugging Lab,Networking Integration
Networking Integration,Networking Integration Advanced
Networking Integration Advanced,Networking Integration Lab
Networking Integration Lab,Networking Best Practices
Networking Best Practices,Networking Best Practices Advanced
Networking Best Practices Lab,SRE Fundamentals
SRE Fundamentals,SRE Fundamentals Advanced
SRE Fundamentals Advanced,SRE Fundamentals Lab
SRE Fundamentals Lab,SRE Design
SRE Design,SRE Design Advanced
SRE Design Lab,SRE Implementation
SRE Implementation,SRE Implementation Advanced
SRE Implementation Advanced,SRE Implementation Lab
SRE Implementation Lab,SRE Optimization
SRE Optimization,SRE Optimization Advanced
SRE Optimization Lab,SRE Monitoring
SRE Monitoring,SRE Monitoring Advanced
SRE Monitoring Advanced,SRE Monitoring Lab
SRE Monitoring Lab,SRE Automation
SRE Automation,SRE Automation Advanced
SRE Automation Lab,SRE Scaling
SRE Scaling,SRE Scaling Advanced
SRE Scaling Advanced,SRE Scaling Lab
SRE Scaling Lab,SRE Governance
SRE Governance,SRE Governance Advanced
SRE Governance Lab,SRE Operations
SRE Operations,SRE Operations Advanced
SRE Operations Advanced,SRE Operations Lab
SRE Operations Lab,SRE Debugging
SRE Debugging,SRE Debugging Advanced
SRE Debugging Lab,SRE Integration
SRE Integration,SRE Integration Advanced
SRE Integration Advanced,SRE Integration Lab
SRE Integration Lab,SRE Best Practices
SRE Best Practices,SRE Best Practices Advanced
SRE Best Practices Lab,Adaptive Skill 554
Adaptive Skill 554,Adaptive Skill 555
Adaptive Skill 555,Adaptive Skill 556
Adaptive Skill 556,Adaptive Skill 557
Adaptive Skill 557,Adaptive Skill 558
Adaptive Skill 559,Adaptive Skill 560
Adaptive Skill 560,Python
Python,JavaScript
JavaScript,TypeScript
TypeScript,Java
Go,Rust
Rust,C#
C#,C++
C++,SQL
SQL,NoSQL
React,Vue
Vue,Angular
Angular,Node.js
Node.js,Express
Express,FastAPI
Django,Flask
Flask,MongoDB
MongoDB,PostgreSQL
PostgreSQL,MySQL
MySQL,Redis
Kafka,RabbitMQ
RabbitMQ,Docker
Docker,Kubernetes
Kubernetes,Terraform
Terraform,AWS
Azure,GCP
GCP,CI/CD
CI/CD,Git
Git,Linux
Linux,System Design
Microservices,GraphQL
GraphQL,REST API
REST API,NLP
NLP,Computer Vision
Computer Vision,MLOps
Data Modeling,ETL
ETL,Feature Engineering
Feature Engineering,Pandas
Pandas,NumPy
NumPy,scikit-learn
PyTorch,TensorFlow
TensorFlow,Prompt Engineering
Prompt Engineering,Frontend Fundamentals
Frontend Fundamentals,Frontend Fundamentals Advanced
Frontend Fundamentals Advanced,Frontend Fundamentals Lab
Frontend Design,Frontend Design Advanced
Frontend Design Advanced,Frontend Design Lab
Frontend Design Lab,Frontend Implementation
Frontend Implementation,Frontend Implementation Advanced
Frontend Implementation Advanced,Frontend Implementation Lab
Frontend Optimization,Frontend Optimization Advanced
Frontend Optimization Advanced,Frontend Optimization Lab
Frontend Optimization Lab,Frontend Monitoring
Frontend Monitoring,Frontend Monitoring Advanced
Frontend Monitoring Advanced,Frontend Monitoring Lab
Frontend Automation,Frontend Automation Advanced
Frontend Automation Advanced,Frontend Automation Lab
Frontend Automation Lab,Frontend Scaling
Frontend Scaling,Frontend Scaling Advanced
Frontend Scaling Advanced,Frontend Scaling Lab
Frontend Governance,Frontend Governance Advanced
Frontend Governance Advanced,Frontend Governance Lab
Frontend Governance Lab,Frontend Operations
Frontend Operations,Frontend Operations Advanced
Frontend Operations Advanced,Frontend Operations Lab
Frontend Debugging,Frontend Debugging Advanced
Frontend Debugging Advanced,Frontend Debugging Lab
Frontend Debugging Lab,Frontend Integration
Frontend Integration,Frontend Integration Advanced
Frontend Integration Advanced,Frontend Integration Lab
Frontend Best Practices,Frontend Best Practices Advanced
Frontend Best Practices Advanced,Frontend Best Practices Lab
Frontend Best Practices Lab,Backend Fundamentals
Backend Fundamentals,Backend Fundamentals Advanced
Backend Fundamentals Advanced,Backend Fundamentals Lab
Backend Design,Backend Design Advanced
Backend Design Advanced,Backend Design Lab
Backend Design Lab,Backend Implementation
Backend Implementation,Backend Implementation Advanced
Backend Implementation Advanced,Backend Implementation Lab
Backend Optimization,Backend Optimization Advanced
Backend Optimization Advanced,Backend Optimization Lab
Backend Optimization Lab,Backend Monitoring
Backend Monitoring,Backend Monitoring Advanced
Backend Monitoring Advanced,Backend Monitoring Lab
Backend Automation,Backend Automation Advanced
Backend Automation Advanced,Backend Automation Lab
Backend Automation Lab,Backend Scaling
Backend Scaling,Backend Scaling Advanced
Backend Scaling Advanced,Backend Scaling Lab
Backend Governance,Backend Governance Advanced
Backend Governance Advanced,Backend Governance Lab
Backend Governance Lab,Backend Operations
Backend Operations,Backend Operations Advanced
Backend Operations Advanced,Backend Operations Lab
Backend Debugging,Backend Debugging Advanced
Backend Debugging Advanced,Backend Debugging Lab
Backend Debugging Lab,Backend Integration
Backend Integration,Backend Integration Advanced
Backend Integration Advanced,Backend Integration Lab
Backend Best Practices,Backend Best Practices Advanced
Backend Best Practices Advanced,Backend Best Practices Lab
Backend Best Practices Lab,Data Fundamentals
Data Fundamentals,Data Fundamentals Advanced
Data Fundamentals Advanced,Data Fundamentals Lab
Data Design,Data Design Advanced
Data Design Advanced,Data Design Lab
Data Design Lab,Data Implementation
Data Implementation,Data Implementation Advanced
Data Implementation Advanced,Data Implementation Lab
Data Optimization,Data Optimization Advanced
Data Optimization Advanced,Data Optimization Lab
Data Optimization Lab,Data Monitoring
Data Monitoring,Data Monitoring Advanced
Data Monitoring Advanced,Data Monitoring Lab
Data Automation,Data Automation Advanced
Data Automation Advanced,Data Automation Lab
Data Automation Lab,Data Scaling
Data Scaling,Data Scaling Advanced
Data Scaling Advanced,Data Scaling Lab
Data Governance,Data Governance Advanced
Data Governance Advanced,Data Governance Lab
Data Governance Lab,Data Operations
Data Operations,Data Operations Advanced
Data Operations Advanced,Data Operations Lab
Data Debugging,Data Debugging Advanced
Data Debugging Advanced,Data Debugging Lab
Data Debugging Lab,Data Integration
Data Integration,Data Integration Advanced
Data Integration Advanced,Data Integration Lab
Data Best Practices,Data Best Practices Advanced
Data Best Practices Advanced,Data Best Practices Lab
Data Best Practices Lab,Cloud Fundamentals
Cloud Fundamentals,Cloud Fundamentals Advanced
Cloud Fundamentals Advanced,Cloud Fundamentals Lab
